en,es,
Work Disability Functional Assessment Battery,Batería de evaluación funcional de discapacidad laboral,Anchor Item
Basic Mobility,Movilidad básica,
Communication & Cognition,Comunicación y cognición,
Community Mobility,Movilidad comunitaria,
Fine Motor Function,Motricidad fina,
Mood & Emotions,Estado de ánimo y emociones,
Resilience & Sociability,Resiliencia y sociabilidad,
Self-Regulation,Autorregulación,
Upper Body Function,Función del tren superior,
Wheelchair,Silla de ruedas,
Are you able figure out the correct price for something that is on sale? For example 25% off.,"¿Puede calcular el precio correcto de algo que está en oferta? Por ejemplo, si tiene un 25 % de descuento.",
Are you able pull a small suitcase by the handle?,¿Puede llevar una maleta pequeña por el asa?,
Are you able to  lift a 2 liter soda bottle from the floor to a high shelf? A 2 liter soda bottle=3.5lbs/1.5kg.,"¿Puede levantar una botella de refresco de 2 litros del piso a un estante alto? Una botella de refresco de 2 litros equivale a 1,5 kg o 3,5 lb.",
Are you able to address an envelope with a pen?,¿Puede poner la dirección en un sobre con un bolígrafo?,
Are you able to adjust to a new situation or change?,¿Puede adaptarse a nuevas situaciones o cambios?,
Are you able to ask for help from others when difficult problems come up?,¿Puede pedir ayuda a otras personas cuando surgen problemas difíciles?,
Are you able to back out of a driveway?,¿Puede retroceder para salir de una entrada de vehículos?,
Are you able to bend down to pick up clothing from the floor?,¿Puede agacharse para recoger ropa del piso?,
Are you able to bend over from a sitting position to pick up an object you dropped on the floor?,"Cuando está sentado, ¿puede agacharse para recoger un objeto que se le ha caído al piso?",
Are you able to bend over to pick up coins that are scattered on the floor?,¿Puede agacharse para recoger monedas esparcidas por el piso?,Physical
Are you able to bend to look under a car?,¿Puede agacharse para mirar debajo de un auto?,Physical
"Are you able to buckle a strap (e.g. on a bicycle helmet, child's car seat, or backpack)?","¿Puede abrochar una correa (por ejemplo, de un casco de bicicleta, una mochila o el asiento para niños de un auto)?",
Are you able to button your shirt?,¿Puede abotonarse la camisa?,
Are you able to carry a full kitchen trash bag outside?,¿Puede llevar afuera una bolsa llena de basura de la cocina?,Physical
Are you able to carry a full large (check-in size) suitcase for 30 feet? Hint: A full large suitcase weighs 40-50 pounds/18-23 kg.,¿Puede transportar una maleta grande (tamaño de equipaje que se despacha) llena 9 metros/30 pies? Ayuda: Una maleta grande llena pesa entre 18 y 23 kg (entre 40 y 50 libras).,
Are you able to carry a full laundry basket for 30 feet?,¿Puede transportar 9 metros/30 pies una cesta llena de ropa para lavar?,Physical
Are you able to carry a full laundry basket up a flight of stairs? Hint: A flight of stairs is 12-15 steps.,¿Puede subir un tramo de escaleras con una cesta llena de ropa para lavar? Ayuda: Un tramo de escaleras tiene entre 12 y 15 escalones.,
Are you able to carry a full paper grocery bag for 30 feet?,¿Puede transportar 9 metros/30 pies una bolsa de compras de papel llena?,
Are you able to carry a full plastic shopping bag for 30 feet?,¿Puede transportar 9 metros/30 pies una bolsa de compras de plástico llena?,
Are you able to carry a full small (carry-on size) suitcase for 30 feet? Hint: A full carry-on suitcase weighs 20 pounds/8 kg.,¿Puede transportar 9 metros/30 pies una maleta pequeña (de mano) llena? Ayuda: Una maleta de mano llena pesa 8 kg/20 libras.,Physical
Are you able to change the bulb in a table lamp?,¿Puede cambiar la bombilla de una lámpara de mesa?,
Are you able to check that your bills are correct?,¿Puede revisar si sus facturas tienen errores?,Mental
Are you able to clean a floor using a mop?,¿Puede limpiar el piso con un trapeador?,
Are you able to clean out a closet?,¿Puede limpiar un armario?,
Are you able to climb 2 or 3 steps up a step ladder?,¿Puede subir 2 o 3 escalones de una escalerilla?,
Are you able to close a twist tie on a bag of bread?,¿Puede cerrar el plastinudo de una bolsa de pan?,Physical
Are you able to close a zip lock bag?,¿Puede cerrar una bolsa tipo Ziploc?,
Are you able to crawl under a table to pick up something you dropped?,¿Puede meterse debajo de una mesa para recoger algo que se le haya caído?,Physical
Are you able to cross the street at a traffic light in your wheelchair?,¿Puede cruzar la calle con su silla de ruedas donde haya un semáforo?,Physical_WC
Are you able to cut a piece of paper with scissors?,¿Puede cortar un trozo de papel con tijeras?,
Are you able to discuss your ideas with others?,¿Puede conversar sobre sus ideas con otras personas?,
"Are you able to do heavy housework? For example scrubbing floors, washing windows, moving furniture to clean.","¿Puede hacer tareas domésticas exigentes? Por ejemplo, fregar pisos, limpiar ventanas, mover muebles para limpiarlos.",
Are you able to do two things at once?,¿Puede hacer dos cosas a la vez?,
Are you able to do yard work (e.g. plant shrubs or a garden) for 2 hours? For example: With occasional rest but continuous work.,"¿Puede hacer trabajos de jardinería (p. ej., plantar arbustos o trabajar en el jardín) durante 2 horas? Por ejemplo: Con descanso ocasional pero trabajo continuo.",
Are you able to do your regular chores?,¿Puede hacer sus quehaceres habituales?,
Are you able to drive at night?,¿Puede conducir de noche?,
Are you able to drive in heavy traffic?,¿Puede conducir cuando hay mucho tránsito?,Physical
Are you able to drive in the rain?,¿Puede conducir cuando llueve?,Physical
Are you able to drive in your own neighborhood?,¿Puede conducir en su propio vecindario?,Physical
Are you able to figure out why a joke is funny?,¿Puede entender por qué un chiste es gracioso?,
Are you able to fill out applications?,¿Puede llenar formularios de solicitud?,
Are you able to find your way around in familiar places?,¿Puede orientarse en lugares conocidos?,
Are you able to find your way around in unfamiliar places?,¿Puede orientarse en lugares desconocidos?,
Are you able to finish things that you start?,¿Puede terminar las cosas que empezó a hacer?,
Are you able to finish things within a reasonable amount of time?,¿Puede terminar las cosas en un tiempo razonable?,
Are you able to fold several loads of laundry?,¿Puedes doblar varias cargas de ropa lavada?,
Are you able to follow instructions given over the phone?,¿Puede seguir instrucciones que le den por teléfono?,Mental
"Are you able to follow public signs? For example STOP, DO NOT ENTER, EXIT.","¿Puede seguir los letreros públicos? Por ejemplo, PARE, PROHIBIDO INGRESAR, SALIDA.",
Are you able to get a ride to where you need to go?,¿Puede conseguir que lo/a lleven adonde necesita ir?,
Are you able to get down on the floor? For example: Moving from standing or your wheelchair to kneel or sit on the floor,¿Puede ponerse en el piso? Por ejemplo: Pasar de estar de pie o en silla de ruedas a arrodillarse o sentarse en el piso,
Are you able to get in and out of a car from your wheelchair? Please consider a sedan sized car when considering your answer.,"¿Puede subir a un vehículo desde su silla de ruedas y bajar de un vehículo a su silla de ruedas? Cuando piense su respuesta, suponga que el vehículo tiene el tamaño de un auto tipo sedán.",Physical_WC
Are you able to get in and out of a squatting position?  Please base your response on the most difficult part of the activity.,¿Puede ponerse en cuclillas y levantarse desde la posición de cuclillas? Base su respuesta en la parte más difícil de la actividad.,Physical
Are you able to get in and out of bed? Hint: Base response on the most difficult part of the activity.,¿Puede acostarse y levantarse de la cama? Ayuda: Base su respuesta en la parte más difícil de la actividad.,
Are you able to get in and out of the bathtub?,¿Puede entrar y salir de la bañera?,
Are you able to get in and out of your wheelchair? Please base your response on the most difficult part of this activity.,¿Puede sentarse en su silla de ruedas y salir de ella? Base su respuesta en la parte más difícil de la actividad.,Physical_WC
Are you able to get information you need when talking with people?,¿Puede obtener la información que necesita cuando habla con gente?,
Are you able to get into and out of a car? Please base your response on the most difficult part of this activity.,¿Puede entrar y salir de un auto? Base su respuesta en la parte más difícil de la actividad.,
Are you able to get into and out of a kneeling position? Please base your response on the most difficult part of the activity.,¿Puede arrodillarse y levantarse desde esa posición? Base su respuesta en la parte más difícil de la actividad.,Physical
"Are you able to get into and out of a truck, bus, shuttle van, or sport utility vehicle from your wheelchair?","¿Puede subir desde su silla de ruedas a un camión, autobús, furgoneta o vehículo utilitario deportivo y bajar de esos vehículos a su silla de ruedas?",Physical_WC
"Are you able to get moving after you've been lying down on a couch? For example: Get to the sitting position, then walk or use your wheelchair.",¿Puede volver a moverse después de haber estado acostado/a en un sofá? Por ejemplo: Sentarse y luego caminar o usar la silla de ruedas.,
Are you able to get off the bus or train before the doors close?,¿Puede bajarse del autobús o del tren antes de que las puertas se cierren?,
Are you able to get on the right bus or train?,¿Puede tomar el autobús o tren correctos?,Physical
Are you able to get on to a bus or train?,¿Puede subirse a un autobús o a un tren?,Physical
Are you able to get to places on time?,¿Puede llegar a sus destinos a tiempo?,
Are you able to get up off the floor from lying on your back? You can use a chair or other object to get up.,¿Puede levantarse del piso estando acostado/a boca arriba? Puede utilizar una silla u otro objeto para levantarse.,
Are you able to get where you need to go each day?,¿Puede llegar adonde necesita ir cada día?,
Are you able to get your point across when speaking with other people?,¿Puede comunicar lo que quiere decir cuando habla con otras personas?,
Are you able to get your point across when you are upset?,¿Puede comunicar lo que quiere decir cuando está molesto/a?,
Are you able to give directions to another person?,¿Puede dar indicaciones a otra persona?,
Are you able to go down one flight of stairs using a handrail? A flight of stairs is 12-15 steps.,¿Puede bajar un tramo de escaleras si se sujeta de una barandilla? Un tramo de escaleras tiene entre 12 y 15 escalones.,
Are you able to go up one flight of stairs using a handrail? Hint: A flight of stairs is 12-15 steps.,¿Puede subir un tramo de escaleras si se sujeta de una barandilla? Ayuda: Un tramo de escaleras tiene entre 12 y 15 escalones.,
Are you able to go up three flights of stairs using a handrail? Hint: A flight of stairs is 12-15 steps.,¿Puede subir tres tramos de escaleras si se sujeta de una barandilla? Ayuda: Un tramo de escaleras tiene entre 12 y 15 escalones.,
Are you able to hang a shower curtain without taking a break?,¿Puede colgar una cortina de baño sin tomarse un descanso?,
Are you able to hear people over the phone?,¿Puede oír a las personas por teléfono?,
Are you able to hold a book while reading?,¿Puede sostener un libro mientras lee?,
Are you able to hold a full glass of water in one hand?,¿Puede sostener con una mano un vaso lleno de agua?,
Are you able to hold an umbrella?,¿Puede sostener un paraguas?,
Are you able to insert a plug into an electric outlet?,¿Puede insertar un enchufe en un tomacorriente?,
"Are you able to keep important papers organized? For example bills, insurance documents and tax forms.","¿Puede mantener organizados documentos importantes? Por ejemplo, facturas, documentos de seguros y formularios de impuestos.",
Are you able to keep track of the day of the week?,¿Está al tanto de qué día de la semana es?,
Are you able to keep track of what you need to do each day?,¿Sabe qué tiene que hacer cada día?,Mental
Are you able to keep your medical appointments?,¿Puede asistir a sus citas médicas?,
Are you able to keep yourself safe at home?,¿Puede mantenerse fuera de peligro en casa?,
Are you able to kick a ball?,¿Puede patear un balón?,
Are you able to kneel down to tie a shoe?,¿Puede arrodillarse para atarse los cordones de un zapato?,
Are you able to kneel on the floor for a long time? For example when cleaning the bathtub or playing with kids or pet.,"¿Puede estar de rodillas en el piso durante mucho tiempo? Por ejemplo, al limpiar la bañera o jugar con niños o mascotas.",
Are you able to learn to do new things?,¿Puede aprender a hacer cosas nuevas?,
Are you able to lift a 12 pack of soda cans from a grocery shelf to a grocery cart?,¿Puede mover un paquete de 12 latas de refresco de un estante de supermercado a un carro de compras?,
Are you able to lift a full 2 liter soda bottle from table height to a high shelf?  A 2 liter soda bottle= 3.5 lbs/1.5 kg.,"¿Puede levantar una botella de refresco de 2 litros llena desde la altura de una mesa hasta un estante alto? Una botella de refresco de 2 litros equivale a 1,5 kg o 3,5 lb.",
Are you able to lift a full large (check-in size) suitcase from table height to a high shelf? Hint: A full large suitcase weighs 40-50 pounds/18-23 kg.,¿Puede levantar una maleta grande (tamaño de equipaje que se despacha) llena desde la altura de una mesa hasta un estante alto? Ayuda: Una maleta grande llena pesa entre 18 y 23 kg (entre 40 y 50 libras).,
Are you able to lift a full large (check-in size) suitcase from the floor to table height? Hint: A full large suitcase weighs 40-50 pounds/18-23 kg.,¿Puede levantar una maleta grande (tamaño de equipaje que se despacha) llena desde el piso hasta la altura de una mesa? Ayuda: Una maleta grande llena pesa entre 18 y 23 kg (entre 40 y 50 libras).,
Are you able to lift a full small (carry-on size) suitcase from table height to a high shelf? Hint: A full carry-on suitcase weighs 20 pounds/8 kg.,¿Puede levantar una maleta pequeña (de mano) llena desde la altura de una mesa hasta un estante alto? Ayuda: Una maleta de mano llena pesa 8 kg/20 libras.,
Are you able to lift a full small (carry-on size) suitcase from the floor to table height? Hint: A full carry-on suitcase weighs 20 pounds/8 kg.,¿Puede levantar una maleta pequeña (de mano) llena desde el piso hasta la altura de una mesa? Ayuda: Una maleta de mano llena pesa 8 kg/20 libras.,Physical
Are you able to lift a heavy box from the floor to table height?,¿Puede levantar una caja pesada desde el piso hasta la altura de una mesa?,
Are you able to lift a package weighing 10 lbs?,"¿Puede levantar un paquete de 4,5 kg/10 libras?",
Are you able to lift something weighing 100 pounds? (for example a large dog),"¿Puedes levantar algo que pese 45 kg/100 libras? (Por ejemplo, un perro grande)",
Are you able to make a bed?,¿Puedes hacer la cama?,
Are you able to make an appointment over the phone? For example a haircut or dentist.,"¿Puede pedir una cita por teléfono? Por ejemplo, para la peluquería o el dentista.",
"Are you able to make everyday decisions? For example what to wear, what to eat or what time to get up.","¿Puede tomar decisiones de la vida diaria? Por ejemplo, qué ropa usar, qué comer o a qué hora levantarse.",Mental
Are you able to make small talk?,¿Puede mantener una conversación superficial?,
Are you able to manage your time each day?,¿Puede administrar su tiempo todos los días?,
Are you able to merge onto a busy road?,"Al conducir, ¿puede incorporarse a una calle con mucho tránsito?",Physical
Are you able to mop your kitchen floor?,¿Puede limpiar el piso de la cocina con el trapeador?,
Are you able to move a sofa to clean under it?,¿Puede mover un sofá para limpiar debajo de él?,
"Are you able to move around in the bathroom, including getting on and off the toilet from your wheelchair?","¿Puede moverse en el baño, por ejemplo, para pasar de la silla de ruedas al inodoro y viceversa?",Physical_WC
Are you able to move around on your hands and knees in a crawling position?,"¿Puede andar a gatas, con las manos y las rodillas?",
Are you able to move around one floor of your home in your wheelchair without bumping into things?,¿Puede moverse con la silla de ruedas por un piso de su casa sin chocar contra nada?,Physical_WC
Are you able to move from lying on your back to sitting on the edge of your bed?,¿Puede pasar de estar acostado/a boca arriba a sentarse en el borde de la cama?,
Are you able to move your wheelchair for at least 15 minutes?,¿Puede trasladarse con la silla de ruedas durante al menos 15 minutos?,Physical_WC
Are you able to move your wheelchair up and down curbs? Please base your response on the most difficult part of this activity.,Puede subir y bajar el bordillo de la acera con la silla de ruedas? Base su respuesta en la parte más difícil de la actividad.,Physical_WC
Are you able to open a can with a hand can opener?,¿Puede abrir latas con un abrelatas manual?,
Are you able to open previously opened jars?,¿Puede abrir frascos que se hayan abierto antes?,
Are you able to organize what you want to say?,¿Puede organizar lo que quiere decir?,Mental
Are you able to paint the ceiling of a large room?,¿Puede pintar el techo interior de una habitación grande?,
Are you able to paint walls for 30 minutes without taking a break?,¿Puede pintar paredes durante 30 minutos sin tomarse un descanso?,Physical
Are you able to park your car in a parking lot?,¿Puede estacionar su auto en un estacionamiento?,Physical
Are you able to pay attention for a long period of time?,¿Puede prestar atención durante mucho tiempo?,
Are you able to pay attention when someone is talking to you for a long time?,¿Puede prestar atención cuando alguien le habla durante mucho tiempo?,Mental
Are you able to pay attention when someone is talking to you for a short time?,¿Puede prestar atención cuando alguien le habla durante poco tiempo?,Mental
Are you able to peel 15 potatoes?,¿Puede pelar 15 papas?,
Are you able to peel an orange?,¿Puede pelar una naranja?,
Are you able to peel the sticker off something you bought?,¿Puede despegar la calcomanía de un producto que haya comprado?,
Are you able to pick out a paper clip from group of clips?,¿Puede agarrar un solo clip de un conjunto de clips?,
Are you able to pick out one key from group of keys?,¿Puede agarrar una sola llave de un conjunto de llaves?,
"Are you able to pick up a kitchen chair and move it, in order to clean?",¿Puede levantar una silla de la cocina y moverla para limpiar?,
Are you able to pick up and put down a pen or pencil?,¿Puede levantar y dejar un bolígrafo o un lápiz?,Physical
Are you able to pick up coins from a table top?,¿Puede levantar monedas de una mesa?,
"Are you able to pull a cord on a lawn mower, chain saw, generator or boat motor?","¿Puede tirar de una cuerda para poner en marcha una cortadora de césped, una motosierra, un generador o el motor de un bote?",
Are you able to pull a pillow case off a pillow?,¿Puede quitar la funda de una almohada?,
Are you able to pull open a dresser drawer?,¿Puede abrir un cajón de una cómoda?,
Are you able to pull open a heavy door?,¿Puede tirar de una puerta pesada para abrirla?,
Are you able to push a full grocery cart?,¿Puede empujar un carro de compras lleno?,
Are you able to push a full wheelbarrow?,¿Puede empujar una carretilla llena?,
Are you able to push a vacuum?,¿Puede utilizar una aspiradora?,
Are you able to push open a heavy door?,¿Puede empujar una puerta pesada para abrirla?,
Are you able to push the correct buttons on a remote control?,¿Puede presionar los botones correctos de un control remoto?,
"Are you able to put batteries in a flashlight, or remote control for your television?",¿Puede poner pilas en una linterna o en el control remoto de su televisor?,Physical
Are you able to put coins into a slot? For example a vending machine.,"¿Puede insertar monedas en una ranura? Por ejemplo, de una máquina expendedora.",
Are you able to put on a watch or bracelet?,¿Puede ponerse un reloj o una pulsera?,
Are you able to reach behind you to get your seatbelt? Hint: A shoulder harness seatbelt.,"¿Puede tomar el cinturón de seguridad si está detrás de usted? Ayuda: Un cinturón de seguridad de tres puntos, que pasa sobre el hombro.",
Are you able to reach into a cabinet from a step ladder or stool?,¿Puede alcanzar el interior de un armario desde una escalerilla o un banco?,
Are you able to reach into a low cupboard?,¿Puede alcanzar el interior de un armario bajo?,
Are you able to reach overhead into a high cabinet?,"¿Puede alcanzar el interior de un armario alto, que esté por encima de la altura de su cabeza?",
Are you able to recall information that you have always known?,¿Puede recordar información que siempre haya sabido?,
Are you able to remain on your feet for 2 hours with short breaks?,¿Puede permanecer de pie durante 2 horas con descansos breves?,
Are you able to remain on your feet for 6 hours with short breaks?,¿Puede permanecer de pie durante 6 horas con descansos breves?,
Are you able to remain on your feet for at least 20 minutes using your walking aid?,¿Puede permanecer de pie durante al menos 20 minutos con su dispositivo de asistencia para caminar?,
Are you able to remain on your feet for at least 20 minutes?,¿Puede permanecer de pie durante al menos 20 minutos?,
Are you able to remember a list of 4 or 5 errands without writing it down?,¿Puede recordar una lista de 4 o 5 mandados sin escribirla?,
Are you able to remember important numbers? For example a phone number.,"¿Puede recordar números importantes? Por ejemplo, un número de teléfono.",
Are you able to remember something you read or heard earlier in the day?,¿Puede recordar algo que haya oído o leído antes ese mismo día?,
Are you able to remember the name of people you know when you see them?,¿Puede recordar el nombre de personas que conoce cuando las ve?,
Are you able to remember things for a short time?,¿Puede recordar cosas durante poco tiempo?,
Are you able to remove a dollar bill from your wallet?,¿Puede sacar un billete de un dólar de su billetera?,
Are you able to remove a gas cap from a car?,¿Puede quitar la tapa del tanque de combustible de un auto?,
Are you able to remove something from your back pocket?,¿Puede sacar algo de su bolsillo de atrás?,
Are you able to remove wrappings from small objects? For example: Like removing the packaging from a pack of batteries.,¿Puede quitar los envoltorios de objetos pequeños? Por ejemplo: Quitar el envoltorio de un paquete de pilas.,
"Are you able to run a short distance, such as to catch a bus? A short distance is roughly half a block or about 15-20 yards.","¿Puede correr una distancia corta, por ejemplo, para alcanzar el autobús? Una distancia corta es alrededor de media cuadra o 13-18 metros (15-20 yardas).",
Are you able to run fast for 2 minutes?,¿Puede correr rápido durante 2 minutos?,
Are you able to sew on a button?,¿Puede coser un botón?,
Are you able to sit in a car for more than 2 hours?,¿Puede permanecer sentado/a en un auto durante más de 2 horas?,
Are you able to speak clearly?,¿Puede hablar con claridad?,
Are you able to stand in the shower to wash your hair?,¿Puede mantenerse de pie en la ducha para lavarse el cabello?,
Are you able to stand on your feet for one hour?,¿Puede permanecer de pie durante una hora?,
"Are you able to stand up from an armless, straight chair? Hint: Without holding on to anything.",¿Puede levantarse de una silla recta sin apoyabrazos? Ayuda: Sin aferrarse a nada.,
Are you able to staple 2 sheets of paper together?,¿Puede engrapar dos hojas de papel?,
Are you able to stay organized?,¿Puede mantenerse organizado/a?,
Are you able to stay within your lane while driving?,¿Puede mantenerse en su carril cuando conduce?,Physical
Are you able to take your medications correctly?,¿Puede tomar sus medicamentos como corresponde?,
Are you able to talk to people over the phone?,¿Puede mantener una conversación por teléfono?,
Are you able to tell a doctor about a health problem?,¿Puede comunicarle a un doctor que tiene un problema de salud?,
Are you able to tell others your needs? For example when you're tired and need to rest.,"¿Puede comunicarles a otras personas lo que necesita? Por ejemplo, cuando siente cansancio y necesita descansar.",
Are you able to think quickly?,¿Puede pensar rápido?,Mental
Are you able to think things through before making a decision?,¿Puede pensar bien las cosas antes de tomar una decisión?,Mental
Are you able to tie a knot?,¿Puede hacer un nudo?,
Are you able to tighten screws by hand with a screwdriver?,¿Puede ajustar tornillos a mano con un destornillador?,
Are you able to to bend down to use a dust pan?,¿Puede agacharse para usar un recogedor o pala de mano?,
"Are you able to to stand up from a low, soft couch?  Without holding on to anything.","¿Puede levantarse de un sofá bajo y blando, y ponerse de pie? Sin aferrarse a nada.",
Are you able to trim a tree with a long handle saw?,¿Puede podar un árbol con una sierra de mano larga?,
Are you able to turn a dial? For example on a stove.,"¿Puede girar una perilla? Por ejemplo, de una cocina o estufa.",
Are you able to turn a door knob?,¿Puede girar el pomo de una puerta?,Physical
Are you able to turn a key in a door lock?,¿Puede hacer girar una llave en una cerradura?,Physical
Are you able to turn faucets on and off?,¿Puede abrir y cerrar grifos?,
Are you able to type on a computer keyboard?,¿Puede escribir en el teclado de una computadora?,
Are you able to understand body language and facial expressions when talking to people?,¿Puede entender lenguaje corporal y expresiones faciales cuando habla con la gente?,
Are you able to understand people in noisy places?,¿Puede entender a la gente en lugares ruidosos?,
Are you able to understand people on the phone?,¿Puede entender a la gente cuando habla por teléfono?,
Are you able to understand what you hear on television?,¿Puede entender lo que escucha en la televisión?,
Are you able to understand written instructions?,¿Puede entender instrucciones escritas?,
Are you able to unload a full grocery cart into a car?,¿Puede cargar en un auto el contenido de un carro de compras lleno?,Physical
Are you able to unload the dishwasher?,¿Puede descargar el lavavajillas?,
Are you able to use a bus or train schedule to get to familiar places?,¿Puede usar un horario de autobús o tren para llegar a lugares conocidos?,Physical
Are you able to use a bus or train schedule to get to unfamiliar places?,¿Puede usar un horario de autobús o tren para llegar a lugares desconocidos?,
Are you able to use a chip clip to close a bag?,¿Puede usar un broche para cerrar una bolsa?,
Are you able to use a computer for more than 2 hours?,¿Puede usar una computadora durante más de 2 horas?,
Are you able to use a computer to get in touch with someone?,¿Puede usar una computadora para ponerse en contacto con alguien?,
Are you able to use a computer to get information you need?,¿Puede usar una computadora para buscar información que necesita?,
Are you able to use a hammer to pound a nail?,¿Puede usar un martillo para clavar un clavo?,
Are you able to use a lever handle to open a door? Hint: A lever handle is a handle that you push down to open a door.,¿Puede abrir una puerta con picaporte? Ayuda: Un picaporte es una manija que se empuja hacia abajo para abrir la puerta.,
Are you able to use bank cards and automatic teller machines (ATMs)?,¿Puede usar tarjetas bancarias y cajeros automáticos?,
Are you able to use the break pedal in a car?,¿Puede usar el pedal de freno de un auto?,
Are you able to use the trigger on a spray bottle?,¿Puede usar el gatillo de un rociador?,
Are you able to use tweezers?,¿Puede utilizar pinzas/tenacillas?,
Are you able to use your finger to select options on a touch screen? (for example a cellphone or tablet),"¿Puede usar el dedo para seleccionar opciones en una pantalla táctil? (Por ejemplo, en un teléfono celular o una tableta electrónica)",
Are you able to vacuum for 30 minutes without a break?,¿Puede usar la aspiradora durante 30 minutos sin tomarse un descanso?,
Are you able to wait your turn to speak?,¿Puede esperar su turno para hablar?,
Are you able to walk a mile without resting?,¿Puede caminar un kilómetro y medio / una milla sin tomarse un descanso?,
Are you able to walk around one floor of your home without tripping or losing your balance?,¿Puede caminar por un piso de su casa sin tropezarse ni perder el equilibrio?,
Are you able to walk at least 15 minutes?,¿Puede caminar al menos 15 minutos?,
Are you able to walk from store to store while shopping ? For example in a shopping mall.,"¿Puede caminar de tienda en tienda cuando está de compras? Por ejemplo, en un centro comercial.",
Are you able to walk in and out of stores carrying heavy bags without losing your balance?,¿Puede entrar y salir de las tiendas con bolsas pesadas sin perder el equilibrio?,
"Are you able to walk on uneven surfaces (e.g. grass, dirt road or sidewalk) using your walking aid?","¿Puede caminar sobre superficies irregulares (p. ej., césped, caminos de tierra o aceras) con su dispositivo de asistencia para caminar?",
"Are you able to walk on uneven surfaces? For example on grass, dirt road or sidewalk.","¿Puede caminar sobre superficies irregulares? Por ejemplo, en césped, caminos de tierra o aceras.",
Are you able to walk quickly indoors? For example to answer the telephone or the front door.,"¿Puede caminar rápido en interiores? Por ejemplo, para atender el teléfono o abrir la puerta.",
Are you able to walk the aisles of a grocery store using a shopping cart?,¿Puede caminar por los pasillos de una tienda de comestibles con un carro de compras?,
Are you able to walk to the bathoom?,¿Puede ir caminando al baño?,
Are you able to walk up a flight of stairs without a handrail?,¿Puede subir un tramo de escaleras sin barandilla?,
Are you able to walk up a steep slope (e.g. on a hill) using your walking aid?,"¿Puede subir una pendiente pronunciada (p. ej., una colina) con su dispositivo de asistencia para caminar?",
Are you able to walk up a steep slope? For example on a hill.,"¿Puede subir una pendiente pronunciada? Por ejemplo, una colina.",
Are you able to work at floor level? For example changing the face plate on an electric outlet.,"¿Puede trabajar a nivel del piso? Por ejemplo, cambiar la cubierta de un tomacorriente.",
Are you able to work hard on tasks you don't like?,¿Puede trabajar con dedicación en tareas que no le gustan?,
Are you able to work overhead for 20 minutes (e.g. organizing a high shelf in a closet)?,"¿Puede realizar tareas por encima de la altura de su cabeza durante 20 minutos (p. ej., organizar un estante alto de un armario)?",
Are you able to write a short email to someone?,¿Puede escribirle un mensaje de correo electrónico corto a alguien?,
Are you able to write for 20 minutes?,¿Puede escribir durante 20 minutos?,
Are you able to write reminder notes to yourself?,¿Puede escribirse notas de recordatorio a sí mismo/a?,
Are you able to write your signature?,¿Puede firmar?,
How fast are you able to walk?,¿Qué tan rápido puede caminar?,
How long are you able to kneel?,¿Cuánto tiempo puede estar de rodillas?,
How long are you able to sit with short breaks?,¿Cuánto tiempo puede permanecer sentado/a con pequeños descansos?,
How long are you able to squat?,¿Cuánto tiempo puede estar en cuclillas?,
How long are you able to use a computer keyboard?,¿Cuánto tiempo puede usar el teclado de una computadora?,
How long are you able to use a computer mouse?,¿Cuánto tiempo puede usar el ratón de una computadora?,
How long are you able to walk without stopping? If you cannot walk without stopping for 15 minutes please select unable.,"¿Cuánto tiempo puede caminar sin detenerse? Si no puede caminar durante 15 minutos sin detenerse, seleccione “No puedo”.",
"In the past 7 days, I avoided public places or activities.","En los últimos 7 días, evité ir a lugares públicos o hacer actividades en público.",
"In the past 7 days, I felt emotionally exhausted.","En los últimos 7 días, sentí agotamiento emocional.",Mental
"In the past 7 days, I felt hopeless about the future.","En los últimos 7 días, sentí desesperanza por el futuro.",Mental
"In the past 7 days, I felt indecisive.  Hint: Indecisive meaning having trouble making decisions.","En los últimos 7 días, sentí indecisión. Ayuda: “Indecisión” se refiere a dificultad para tomar decisiones.",
"In the past 7 days, I felt nervous when my normal routine was disturbed.","En los últimos 7 días, sentí nervios cuando mi rutina normal se vio alterada.",Mental
"In the past 7 days, I felt something awful would happen.","En los últimos 7 días, sentí que iba a suceder algo terrible.",
"In the past 7 days, I felt that I had nothing to look forward to.","En los últimos 7 días, sentí que mi vida no tenía nada por delante.",Mental
"In the past 7 days, I felt that nothing could cheer me up.","En los últimos 7 días, sentí que nada podría alegrarme.",Mental
"In the past 7 days, I felt that nothing was interesting.","En los últimos 7 días, sentí que nada era interesante.",
"In the past 7 days, I got fidgety. Hint: Fidgety meaning unable to sit still.","En los últimos 7 días, me sentí inquieto/a. Ayuda: “Inquieto/a” significa no poder quedarse quieto/a.",
"In the past 7 days, I had sudden feelings of panic.","En los últimos 7 días, tuve sensaciones repentinas de pánico.",Mental
"In the past 7 days, I had trouble controlling my temper.","En los últimos 7 días, me resultó difícil controlar mi temperamento.",Mental
"In the past 7 days, I had trouble enjoying the things I used to enjoy.","En los últimos 7 días, me resultó difícil disfrutar de las cosas que antes disfrutaba.",Mental
"In the past 7 days, I had trouble keeping in touch with others.","En los últimos 7 días, me resultó difícil mantenerme en contacto con otras personas.",
"In the past 7 days, I had trouble paying attention.","En los últimos 7 días, me resultó difícil prestar atención.",
"In the past 7 days, I held grudges toward others.","En los últimos 7 días, sentí rencor hacia otras personas.",Mental
"In the past 7 days, I looked forward with enjoyment to upcoming events.","En los últimos 7 días, sentí entusiasmo y alegría por acontecimientos próximos.",
"In the past 7 days, I said or did things that other people probably thought were inappropriate.","En los últimos 7 días, dije o hice cosas que otras personas quizá hayan considerado inapropiadas.",Mental
"In the past 7 days, I threatened violence toward people or property.","En los últimos 7 días, hice amenazas de actuar con violencia contra personas o bienes.",Mental
"In the past 7 days, I tried to get even when I was angry at someone.","En los últimos 7 días, intenté vengarme de alguien que me hizo enojar.",Mental
"In the past 7 days, I was afraid of what the future holds for me.","En los últimos 7 días, tuve miedo de lo que me depara el futuro.",Mental
"In the past 7 days, I was bothered if I had to depend on others for help.","En los últimos 7 días, me molestó tener que depender de la ayuda de otros.",
"In the past 7 days, I was critical of myself for my mistakes.","En los últimos 7 días, me critiqué por mis errores.",
"In the past 7 days, I was preoccupied with my worries.","En los últimos 7 días, estuve pendiente de mis preocupaciones.",Mental
"In the past 7 days, I was resentful when I didn't get my way.","En los últimos 7 días, sentí resentimiento cuando las cosas no salían como yo quería",Mental
"In the past 7 days, it was hard to adjust to unexpected changes.","En los últimos 7 días, fue difícil adaptarme a cambios imprevistos.",Mental
"In the past 7 days, it was hard to keep up enthusiasm to get things done.","En los últimos 7 días, fue difícil mantener el entusiasmo para hacer las cosas.",
"In the past 7 days, just being around people irritated me.","En los últimos 7 días, me irritó el simple hecho de estar con gente.",
"In the past 7 days, many situations made me worry.","En los últimos 7 días, muchas situaciones me hicieron preocupar.",Mental
"In the past 7 days, people told me that I talked in a loud or excessive manner.","En los últimos 7 días, me dijeron que hablaba muy fuerte o demasiado.",
Please specify your level of agreement: I always try to get along with others.,Indique qué tan de acuerdo está con la afirmación: Siempre intento llevarme bien con los demás.,Mental
Please specify your level of agreement: I am able to add and subtract numbers in my head.,Indique qué tan de acuerdo está con la afirmación: Puedo sumar y restar mentalmente.,
Please specify your level of agreement: I am able to adjust to other people's ways.,Indique qué tan de acuerdo está con la afirmación: Puedo adaptarme a las costumbres de otras personas.,
Please specify your level of agreement: I am able to correct my mistakes when they happen.,"Indique qué tan de acuerdo está con la afirmación: Cuando cometo un error, puedo corregirlo.",
Please specify your level of agreement: I am able to do many things at once.,Indique qué tan de acuerdo está con la afirmación: Puedo hacer muchas cosas a la vez.,
Please specify your level of agreement: I am able to do my work carefully.,Indique qué tan de acuerdo está con la afirmación: Puedo hacer mi trabajo con diligencia.,
Please specify your level of agreement: I am able to make important decisions in my life.,Indique qué tan de acuerdo está con la afirmación: Puedo tomar decisiones importantes en mi vida.,
Please specify your level of agreement: I am able to plan ahead for things that I want to do.,Indique qué tan de acuerdo está con la afirmación: Puedo planificar con anticipación lo que quiero hacer.,
Please specify your level of agreement: I am able to solve problems on my own.,Indique qué tan de acuerdo está con la afirmación: Puedo resolver problemas por mi cuenta.,
Please specify your level of agreement: I am able to think clearly.,Indique qué tan de acuerdo está con la afirmación: Puedo pensar con claridad.,
Please specify your level of agreement: I am able to work toward long term goals.,Indique qué tan de acuerdo está con la afirmación: Puedo trabajar para alcanzar metas a largo plazo.,
Please specify your level of agreement: I am always watching or on guard for threats.,Indique qué tan de acuerdo está con la afirmación: Siempre estoy atento/a o en guardia ante amenazas.,
Please specify your level of agreement: I am comfortable making eye contact with others.,Indique qué tan de acuerdo está con la afirmación: No me incomoda mirar a otra persona a los ojos.,Mental
Please specify your level of agreement: I am easily confused when in a busy or noisy environment.,Indique qué tan de acuerdo está con la afirmación: Me confundo con facilidad cuando estoy en un lugar ruidoso o lleno de gente.,
Please specify your level of agreement: I am easily distracted in a busy or noisy environment.,Indique qué tan de acuerdo está con la afirmación: Me distraigo con facilidad cuando estoy en un lugar ruidoso o lleno de gente.,
Please specify your level of agreement: I am good at following through with plans I make.,Indique qué tan de acuerdo está con la afirmación: Tengo facilidad para concretar los planes que armo.,
Please specify your level of agreement: I am good at getting to know new people.,Indique qué tan de acuerdo está con la afirmación: Tengo facilidad para llegar a conocer a la gente nueva.,Mental
Please specify your level of agreement: I am good at making new friends.,Indique qué tan de acuerdo está con la afirmación: Tengo facilidad para formar nuevas amistades.,Mental
Please specify your level of agreement: I am limited in driving long distances.,Indique qué tan de acuerdo está con la afirmación: Tengo limitaciones para conducir distancias largas.,
Please specify your level of agreement: I am not easily discouraged.,Indique qué tan de acuerdo está con la afirmación: No me desanimo con facilidad.,
Please specify your level of agreement: I am only comfortable driving short distances.,Indique qué tan de acuerdo está con la afirmación: Solo me siento cómodo/a al conducir distancias cortas.,
Please specify your level of agreement: I am uncomfortable talking in a group.,Indique qué tan de acuerdo está con la afirmación: Me incomoda hablar en grupo.,
Please specify your level of agreement: I am willing to accept help from others.,Indique qué tan de acuerdo está con la afirmación: Estoy dispuesto/a a aceptar la ayuda de otras personas.,Mental
Please specify your level of agreement: I ask for help when I need to.,Indique qué tan de acuerdo está con la afirmación: Pido ayuda cuando la necesito.,
Please specify your level of agreement: I believe that things end up alright most of the time.,Indique qué tan de acuerdo está con la afirmación: Creo que la mayoría de las veces todo termina bien.,
Please specify your level of agreement: I can admit my mistakes.,Indique qué tan de acuerdo está con la afirmación: Puedo admitir mis errores.,
Please specify your level of agreement: I can drive to a local store and back home on my own.,Indique qué tan de acuerdo está con la afirmación: Puedo conducir a una tienda local y volver a casa por mis propios medios.,
Please specify your level of agreement: I can follow what is being said when a group of people are talking.,Indique qué tan de acuerdo está con la afirmación: Puedo seguir el hilo de la conversación cuando hay un grupo de personas hablando.,
Please specify your level of agreement: I can follow what is being said when talking with family and friends.,Indique qué tan de acuerdo está con la afirmación: Puedo seguir el hilo de la conversación cuando hablo con familiares y amigos.,
Please specify your level of agreement: I can follow what is being said when talking with someone I don't know.,Indique qué tan de acuerdo está con la afirmación: Puedo seguir el hilo de la conversación cuando hablo con alguien que no conozco.,
Please specify your level of agreement: I can get back on track when I am distracted.,Indique qué tan de acuerdo está con la afirmación: Puedo volver a concentrarme cuando me distraigo.,
Please specify your level of agreement: I can handle stressful situations.,Indique qué tan de acuerdo está con la afirmación: Puedo manejar las situaciones estresantes.,
Please specify your level of agreement: I can keep up a conversation.,Indique qué tan de acuerdo está con la afirmación: Puedo mantener una conversación.,
Please specify your level of agreement: I can understand simple instructions.,Indique qué tan de acuerdo está con la afirmación: Puedo entender instrucciones simples.,
Please specify your level of agreement: I can usually get to the bus or train station on time.,"Indique qué tan de acuerdo está con la afirmación: Por lo general, puedo llegar a tiempo a la estación de autobús o de tren.",
Please specify your level of agreement: I can't stop myself from doing the same thing over and over.,Indique qué tan de acuerdo está con la afirmación: No puedo evitar hacer lo mismo una y otra vez.,
Please specify your level of agreement: I don't mind when people give me advice.,Indique qué tan de acuerdo está con la afirmación: No me molesta que me den consejos.,Mental
Please specify your level of agreement: I feel good about myself.,Indique qué tan de acuerdo está con la afirmación: Me siento bien conmigo mismo/a.,
Please specify your level of agreement: I feel people are against me.,Indique qué tan de acuerdo está con la afirmación: Siento que la gente está en mi contra.,
Please specify your level of agreement: I feel that there are people I can turn to.,Indique qué tan de acuerdo está con la afirmación: Siento que hay personas con las que puedo contar.,Mental
Please specify your level of agreement: I find that I have a hard time sitting still when I need to.,Indique qué tan de acuerdo está con la afirmación: Me resulta difícil quedarme sentado/a quieto/a cuando necesito hacerlo.,
Please specify your level of agreement: I get along well with people outside my family.,Indique qué tan de acuerdo está con la afirmación: Me llevo bien con personas que no pertenecen a mi familia.,Mental
Please specify your level of agreement: I get very loud when I do not get what I want.,Indique qué tan de acuerdo está con la afirmación: Me quejo en voz muy alta cuando no consigo lo que quiero.,
Please specify your level of agreement: I have a hard time accepting criticism.,Indique qué tan de acuerdo está con la afirmación: Me cuesta aceptar las críticas.,
Please specify your level of agreement: I have a lot of energy.,Indique qué tan de acuerdo está con la afirmación: Tengo mucha energía.,
Please specify your level of agreement: I have difficulty calming down.,Indique qué tan de acuerdo está con la afirmación: Me cuesta calmarme.,
Please specify your level of agreement: I have difficulty following the rules.,Indique qué tan de acuerdo está con la afirmación: Me cuesta seguir las reglas.,
Please specify your level of agreement: I have difficulty letting people know how I feel.,Indique qué tan de acuerdo está con la afirmación: Me cuesta decirles a otras personas cómo me siento.,
Please specify your level of agreement: I have to read something several times to understand it.,"Indique qué tan de acuerdo está con la afirmación: Para entender algo, necesito leerlo varias veces.",
Please specify your level of agreement: I have to work really hard to focus so I don't make a mistake.,Indique qué tan de acuerdo está con la afirmación: Tengo que esforzarme mucho para concentrarme y no cometer errores.,
Please specify your level of agreement: I have trouble finding the right word when talking with people.,Indique qué tan de acuerdo está con la afirmación: Me cuesta encontrar las palabras justas cuando hablo con alguien.,
Please specify your level of agreement: I have trouble keeping my mind on what I am doing.,Indique qué tan de acuerdo está con la afirmación: Me cuesta concentrarme en lo que hago.,
Please specify your level of agreement: I have trouble putting my thoughts together.,Indique qué tan de acuerdo está con la afirmación: Me cuesta ordenar mis ideas.,
Please specify your level of agreement: I have trouble remembering important events. For example birthdays.,"Indique qué tan de acuerdo está con la afirmación: Me cuesta recordar acontecimientos importantes. Por ejemplo, los cumpleaños.",
"Please specify your level of agreement: I have trouble using tickets, cash, or a fare card to get on a bus or train.","Indique qué tan de acuerdo está con la afirmación: Tengo dificultad para usar boletos, dinero en efectivo o tarjetas de viaje para viajar en tren o autobús.",
Please specify your level of agreement: I know what to do in case of an emergency.,Indique qué tan de acuerdo está con la afirmación: Sé qué hacer en caso de emergencia.,
Please specify your level of agreement: I like large family gatherings.,Indique qué tan de acuerdo está con la afirmación: Me gustan las reuniones familiares con mucha gente.,
Please specify your level of agreement: I look at both sides of an issue.,"Indique qué tan de acuerdo está con la afirmación: Cuando hay un desacuerdo, considero los dos puntos de vista.",Mental
Please specify your level of agreement: I look for the good in difficult situations.,Indique qué tan de acuerdo está con la afirmación: Busco lo bueno de las situaciones difíciles.,
Please specify your level of agreement: I make an effort to get to know other people.,Indique qué tan de acuerdo está con la afirmación: Me esfuerzo por llegar a conocer a las otras personas.,
Please specify your level of agreement: I notice my mistakes when they happen.,Indique qué tan de acuerdo está con la afirmación: Me doy cuenta de mis errores cuando los cometo.,
Please specify your level of agreement: I often forget where I put things. For example like your keys or wallet.,"Indique qué tan de acuerdo está con la afirmación: Muchas veces me olvido de dónde dejé las cosas. Por ejemplo, las llaves o la billetera.",
"Please specify your level of agreement: I often forget whether or not I did important things, like take medications.","Indique qué tan de acuerdo está con la afirmación: Muchas veces me olvido de si hice o no ciertas cosas importantes, como tomar medicamentos.",
Please specify your level of agreement: I often get angry when I'm told what to do.,Indique qué tan de acuerdo está con la afirmación: Suelo enojarme cuando me dicen qué hacer.,
Please specify your level of agreement: I often get upset with the people around me.,Indique qué tan de acuerdo está con la afirmación: Suelo molestarme con la gente que me rodea.,
Please specify your level of agreement: I often have difficulty dealing with people.,Indique qué tan de acuerdo está con la afirmación: A menudo me cuesta tratar con la gente.,
Please specify your level of agreement: I often have trouble keeping track of time.,Indique qué tan de acuerdo está con la afirmación: A menudo me cuesta tener noción del tiempo.,
"Please specify your level of agreement: I often make mistakes when writing down numbers. For example a phone number, checkbook entry.","Indique qué tan de acuerdo está con la afirmación: Muchas veces cometo errores al escribir números. Por ejemplo, un número de teléfono o una entrada en la chequera.",
Please specify your level of agreement: I often misspell words.,Indique qué tan de acuerdo está con la afirmación: Muchas veces escribo mal las palabras.,
Please specify your level of agreement: I often say things that upset others.,Indique qué tan de acuerdo está con la afirmación: Muchas veces digo cosas que molestan a otros.,
Please specify your level of agreement: I often think that something is really wrong with my health.,Indique qué tan de acuerdo está con la afirmación: A menudo pienso que tengo un problema de salud grave.,
Please specify your level of agreement: I recognize danger when I see it.,Indique qué tan de acuerdo está con la afirmación: Reconozco el peligro cuando lo veo.,
Please specify your level of agreement: I respect other people's point of view.,Indique qué tan de acuerdo está con la afirmación: Respeto el punto de vista de los demás.,Mental
Please specify your level of agreement: I respect other people's property.,Indique qué tan de acuerdo está con la afirmación: Respeto las pertenencias de los demás.,
Please specify your level of agreement: I seem to worry about my health a lot.,Indique qué tan de acuerdo está con la afirmación: Pareciera que me preocupo mucho por mi salud.,
Please specify your level of agreement: I sometimes get physical when I'm angry.,Indique qué tan de acuerdo está con la afirmación: A veces actúo con violencia física cuando me enojo.,
Please specify your level of agreement: I think people trust me.,Indique qué tan de acuerdo está con la afirmación: Creo que la gente confía en mí.,Mental
Please specify your level of agreement: I usually accomplish what I set out to do.,"Indique qué tan de acuerdo está con la afirmación: Por lo general, logro lo que me propongo hacer.",Mental
Please specify your level of agreement: I work well in a group.,Indique qué tan de acuerdo está con la afirmación: Trabajo bien en grupo.,Mental
Please specify your level of agreement: I worry a lot about my health.,Indique qué tan de acuerdo está con la afirmación: Me preocupa mucho mi salud.,
Please specify your level of agreement: I'm comfortable just seeing what the day brings.,Indique qué tan de acuerdo está con la afirmación: No me incomoda ver qué me depara el día.,
Please specify your level of agreement: I'm comfortable trying different ways to do things.,Indique qué tan de acuerdo está con la afirmación: No me incomoda probar diferentes formas de hacer las cosas.,
Please specify your level of agreement: I'm usually able to help solve other people's problems.,"Indique qué tan de acuerdo está con la afirmación: Por lo general, puedo ayudar a resolver los problemas de otras personas.",
Please specify your level of agreement: If I can't do something one way I will find another way to do it.,"Indique qué tan de acuerdo está con la afirmación: Si no puedo hacer algo de una manera, encuentro otra forma de hacerlo.",
"Please specify your level of agreement: If I make a mistake, I know I can deal with it.","Indique qué tan de acuerdo está con la afirmación: Si cometo un error, sé que puedo manejarlo.",Mental
Please specify your level of agreement: It takes me a long time to run errands. For example going to the bank or drugstore.,"Indique qué tan de acuerdo está con la afirmación: Me lleva mucho tiempo hacer mandados. Por ejemplo, ir al banco o a la farmacia.",
Please specify your level of agreement: It's easy to do what people in authority ask me to do.,Indique qué tan de acuerdo está con la afirmación: Es fácil hacer lo que las personas con autoridad me piden que haga.,
Please specify your level of agreement: Most people like what I have to say.,Indique qué tan de acuerdo está con la afirmación: A la mayoría de la gente le gusta lo que opino.,
Please specify your level of agreement: Others have told me that I do things that put me at risk.,Indique qué tan de acuerdo está con la afirmación: Otras personas me han dicho que hago cosas que me exponen a riesgos.,
Please specify your level of agreement: People can understand me when I talk.,Indique qué tan de acuerdo está con la afirmación: La gente me entiende cuando hablo.,
Please specify your level of agreement: People have told me that sometimes I act strange.,Indique qué tan de acuerdo está con la afirmación: La gente me ha dicho que a veces me comporto de manera extraña.,
Please specify your level of agreement: People know that I get angry easily.,Indique qué tan de acuerdo está con la afirmación: La gente sabe que me enojo con facilidad.,
Please specify your level of agreement: People often tell me I make mistakes in my work.,Indique qué tan de acuerdo está con la afirmación: Muchas veces la gente me dice que cometo errores en el trabajo.,
Please specify your level of agreement: People say I show no emotion.,Indique qué tan de acuerdo está con la afirmación: La gente dice que no muestro ninguna emoción.,
Please specify your level of agreement: People tell me I stand too close when I am talking to them.,Indique qué tan de acuerdo está con la afirmación: La gente me dice que me paro demasiado cerca cuando le hablo.,
Please specify your level of agreement: People tell me I'm flexible and agreeable.,Indique qué tan de acuerdo está con la afirmación: La gente me dice que soy flexible y agradable.,
Please specify your level of agreement: Sometimes I do things to hurt myself.,Indique qué tan de acuerdo está con la afirmación: A veces hago cosas para lastimarme.,
Please specify your level of agreement: Sometimes I feel on top of the world for no reason.,Indique qué tan de acuerdo está con la afirmación: A veces me siento en la cima del mundo sin ningún motivo.,
Please specify your level of agreement: Sometimes I shout or yell for no reason.,Indique qué tan de acuerdo está con la afirmación: A veces grito sin motivo.,
Please specify your level of agreement: The same thoughts keep running through my head.,Indique qué tan de acuerdo está con la afirmación: Por mi cabeza pasan una y otra vez los mismos pensamientos.,
"Please specify your level of agreement: When I am stressed, I find myself losing control.","Indique qué tan de acuerdo está con la afirmación: Cuando estoy estresado/a, siento que pierdo el control.",Mental
"Please specify your level of agreement: When I have something easy to do, I have trouble getting started.","Indique qué tan de acuerdo está con la afirmación: Cuando tengo algo fácil que hacer, me cuesta empezar.",
"Please specify your level of agreement: When I have something hard to do, I have trouble getting started.","Indique qué tan de acuerdo está con la afirmación: Cuando tengo algo difícil que hacer, me cuesta empezar.",
"Please specify your level of agreement: When I'm asked to do a really difficult task, I keep at it until I get it done.","Indique qué tan de acuerdo está con la afirmación: Cuando me piden que haga una tarea muy difícil, no paro hasta completarla.",
"Please specify your level of agreement: When I'm stressed, I can't figure out what to do.","Indique qué tan de acuerdo está con la afirmación: Cuando estoy estresado/a, no sé qué hacer.",
Please specify your level of agreement: When there is a problem I am able to work things out with other people.,"Indique qué tan de acuerdo está con la afirmación: Cuando hay un problema, puedo resolverlo con otras personas.",
More than an hour,Más de una hora,
10 minutes,10 minutos,
15 minutes,15 minutos,
2 hours,2 horas,
2 minutes,2 minutos,
20 minutes,20 minutos,
30 minutes,30 minutos,
4 hours,4 horas,
6 hours,6 horas,
Agree,De acuerdo,
Always,Siempre,
An hour,Una hora,
At a normal pace compared to those around me,A un ritmo normal en comparación con quienes me rodean,
At a slower pace than those around me,A un ritmo más lento que quienes me rodean,
Disagree,En desacuerdo,
Faster than those around me,Más rápido que quienes me rodean,
I don't know,No sé,
Less than 2 hours,Menos de 2 horas,
Never,Nunca,
Often,A menudo,
Rarely,Casi nunca,
Sometimes,A veces,
Strongly agree,Muy de acuerdo,
Strongly disagree,Muy en desacuerdo,
Unable to do,No puedo hacerlo,
Up to 2 hours,Hasta 2 horas,
Up to 4 hours,Hasta 4 horas,
Up to 6 hours,Hasta 6 horas,
Up to 8 hours,Hasta 8 horas,
"Yes, with a little difficulty","Sí, con un poco de dificultad",
"Yes, with a lot of difficulty","Sí, con mucha dificultad",
"Yes, with some difficulty","Sí, con alguna dificultad",
"Yes, without difficulty","Sí, sin dificultad",
unable to do,no puedo hacerlo,
Please login to the assessment using the Identification Code and Sponsor Code provided by coordinator.,"Para iniciar sesión en la evaluación, use el código de identificación y el código de patrocinador que le dio el coordinador.",
username,nombre de usuario,
password,contraseña,
Login,Iniciar sesión,
Invalid credentials.,Credenciales no válidas.,
Error logging in person,Error al iniciar sesión de persona,
Error logging in.,Error al iniciar sesión.,
new User.,usuario nuevo.,
returning user starting,returning user starting,
returning user not started yet.,returning user not started yet.,
You have already finished your scheduled assessment.,Ya ha terminado la evaluación programada.,
Error returning your assessment. Please contact the administrator,Error al devolver su evaluación. Comuníquese con el administrador,
"I usually use a walking aid (cane, crutches, walker)","Por lo general, uso asistencia para caminar (bastón, muletas, andador)",Screener
All the time,Todo el tiempo,
I usually use a manual wheelchair or power wheelchair or a scooter to get around.,"Para desplazarme, uso por lo general una silla de ruedas manual, una silla de ruedas eléctrica o un scooter.",Screener
All the time; I never walk,Todo el tiempo; nunca camino,
Do you currently drive a car?,¿Conduce un vehículo en la actualidad?,Screener
Yes,Sí,
No,No,
"Do you currently use a bus, train or subway to get around?","¿En la actualidad toma autobuses, trenes o metros para desplazarte?",Screener
Submit,Enviar,
Error saving demographics,Error al guardar los datos demográficos,
Start,Empezar,
You will be asked how much you agree with statements about how you function or feel about doing different activities.,Se le preguntará qué tan de acuerdo está con las afirmaciones sobre cómo funciona o se siente acerca de hacer diferentes actividades.,
"Choose your answer based on your usual ability, <b>by yourself without the help of another person, and with any equipment or devices you normally use.</b>","Elija la respuesta en función de su habilidad habitual, <>por su cuenta, sin ayuda de otra persona y con cualquier equipo o dispositivo que suela utilizar.</b>",
"Do your best to pick the answer that best matches your agreement with the statement. If you are unable to pick a response the matches, choose <b>\""<u>I don't know</u>\"".</b>","Haga todo lo posible por elegir la respuesta que más coincida con su nivel de acuerdo con la afirmación. Si no puede elegir una respuesta que coincida, elija <b>\""<u>No sé</u>\"".</b>",
You will also be asked about how much difficulty you have doing different things.,También se le preguntará cuánto le cuesta hacer diferentes cosas.,
Choose your answer based on your usual ability <b>using any equipment or devices you normally use.</b>,Elija la respuesta en función de su habilidad habitual <b>con cualquier equipo o dispositivo que suela utilizar.</b>,
Choose your answer based on your ability to do the activity <b>by yourself without the help of another person.</b>,"Elija la respuesta en función de su capacidad para hacer la actividad <>por su cuenta, sin ayuda de otra persona.</b>",
"If you have not done an activity, do your best to guess what <b>your ability would be if you did it.</b><br/> If you are unable to guess choose <b>\""<u>I don't know</u>\""</b>.","Si no ha hecho alguna de las actividades, haga todo lo posible por suponer cuál sería<b>su habilidad si la hiciera.</b><br/> Si no puede suponer, elija <b>\""<u>No sé</u>\""</b>.",
"For example, if it takes you a very long time or it is hard for you to do something (or an activity), you would choose the answer <b>\""<u>with a lot of difficulty</u>\""</b>. But, if you need help from another person, you would choose <b>\""<u>Unable</u>\""</b>.","Por ejemplo, si hacer algo (o una actividad) le llevaría mucho tiempo o le resultaría difícil, debería elegir la respuesta <b>\""<u>con mucha dificultad</u>\""</b>. Sin embargo, si necesitaría ayuda de otra persona, debería elegir <b>\""<u>No puedo hacerlo</u>\""</b>.",
Next,Continuar,
{0} + is logged in,{0} + ha iniciado sesión,
Please select a user first,Elija primero un usuario,
The assessment is complete.,La evaluación está completa.,
Thank you!,¡Gracias!,
Loading. Please do not close your browser.,"Cargando. Por favor, no cierre el navegador.",
"If you have not done an activity, do your best to guess what <b>your ability would be if you did it.</b><br/> If you are unable to gues choose <b>\""<u>I don't know</u>\""</b>.","Si no ha hecho alguna de las actividades, haga todo lo posible por suponer cuál sería<b>su habilidad si la hiciera.</b><br/> Si no puede suponer, elija <b>\""<u>No sé</u>\""</b>.",
Clear,Borrar,
Refuse,Rechazar,
Add,Agregar,
Void,Anular,
Delete,Eliminar,
Update,Actualizar,
Export Data,Exportar datos,
Report,Informe,
Start Assessment,Empezar la evaluación,
study code,código del estudio,
sponsor code,código del patrocinador,
Assessment,Evaluación,
Summary,Resumen,
Results,Resultados,
Update,Actualizar,
Users -,Usuarios -,
Utility,Utilidad,
Log off,Cerrar sesión,
Error getting all people,Error al intentar obtener a todas las personas,
Please login first,Primero inicie sesión,
returning {0} users.,devolviendo {0} usuarios.,
oid can not be 0.,El identificador de objeto no puede ser 0.,
User name/password must be unique system-wide.,El nombre de usuario y la contraseña deben ser únicos en todo el sistema.,
Error updating a person,Error al actualizar a una persona,
Error deleting person,Error al eliminar persona,
Scale,Escala,
Administration Time,Tiempo de administración,
Number of Items,Cantidad de preguntas,
Score,Puntuación,
Standard Error,Error estándar,
Normed Score,Puntuación normalizada,
Normed SE,Error estándar normalizado,
N/A,N/A,
Summary.csv,Summary.csv,
Error finding person,Error al buscar persona,
download,descargar,
Details.csv,Details.csv,
Error adding person,Error al agregar persona,
Login to begin assessment,Inicie sesión para comenzar con la evaluación,
user - {0},usuario - {0},
Mental Function Domains: ,Dominios de funciones mentales:,
Physical Function Domains: ,Dominios de funciones físicas:,
Summary Data,Datos de resumen,
Mean,Media,
Max,Máx.,
Min,Mín.,
drive,conducción,
other,otro,
public_transportation,transporte_público,
walking,caminar,
wc,silla de ruedas,
ID,ID,
Domain,Dominio,
Active,Activa,
Started,Empezada,
Finished,Terminada,
Prompt,Prompt,
ItemResponseOID,ItemResponseOID,
Value,Valor,
ItemID,ItemID,
score,puntuación,
error,error,
fit,fit,
Process,Proceso,
Download,Descargar,
prefix,prefijo,
start,iniciar,
end,final,
Error adding person,Error al agregar persona,
creating user {0},creando usuario {0},